﻿alphaleft,alpharight,trials.thisRepN,trials.thisTrialN,trials.thisN,trials.thisIndex,text_2.started,key_resp.started,text_6.started,text_2.stopped,left.started,right.started,key_resp_4.started,error_text.started,key_resp_6.started,left.stopped,right.stopped,key_resp_4.stopped,key_resp_4.keys,key_resp_6.keys,key_resp_6.rt,feed_left,feed_right,total reward,key_resp_4.rt,left_feed.started,right_feed.started,left_text.started,right_text.started,text.started,participant,session,date,expName,psychopyVersion,frameRate,
b.png,f.png,0,0,0,1,14.80674995901063,64.7835424169898,64.7835424169898,64.79775204195175,72.33901854197029,72.33901854197029,72.33901854197029,75.28426316694822,75.28426316694822,75.33125520905014,75.33125520905014,75.33125520905014,None,space,2.8819615830434486,-$5,$0,0,,,,,,,497988,001,2023-04-14_16h10.01.509,exp,2022.2.5,None,
c.png,g.png,0,1,1,2,,,,,81.17597025004216,81.17597025004216,81.17597025004216,,,,,,right,None,,,$5,5,1.5816452080616727,82.8390874590259,82.8390874590259,82.8390874590259,82.8390874590259,82.8390874590259,497988,001,2023-04-14_16h10.01.509,exp,2022.2.5,None,
a.png,e.png,0,2,2,0,,,,,85.7809331669705,85.7809331669705,85.7809331669705,,,,,,left,None,,$5,$0,10,1.161866290960461,86.97378795896657,86.97378795896657,86.97378795896657,86.97378795896657,86.97378795896657,497988,001,2023-04-14_16h10.01.509,exp,2022.2.5,None,
,,,,,,,,,,89.97147150000092,89.97147150000092,89.97147150000092,,,,,,,,,,,,,,,,,,,,,,,,
