﻿alphaleft,alpharight,trials.thisRepN,trials.thisTrialN,trials.thisN,trials.thisIndex,text_2.started,key_resp.started,text_6.started,text_2.stopped,left.started,right.started,key_resp_4.started,key_resp_4.keys,key_resp_4.rt,key_resp_6.keys,feed_left,feed_right,left_feed.started,right_feed.started,left_text.started,right_text.started,text.started,error_text.started,key_resp_6.started,left.stopped,right.stopped,key_resp_4.stopped,key_resp_6.rt,participant,session,date,expName,psychopyVersion,frameRate,
h.png,d.png,0,0,0,7,16.812715374981053,66.79097341594752,66.79097341594752,66.80460487504024,91.37223304098006,91.37223304098006,91.37223304098006,left,0.7248818330699578,None,-$5,,92.22234479093459,92.22234479093459,92.22234479093459,92.22234479093459,92.22234479093459,,,,,,,986570,001,2023-04-14_15h36.45.408,exp,2022.2.5,None,
c.png,g.png,0,1,1,2,,,,,95.12076149997301,95.12076149997301,95.12076149997301,right,2.2274391659302637,None,,$0,97.37405029102229,97.37405029102229,97.37405029102229,97.37405029102229,97.37405029102229,,,,,,,986570,001,2023-04-14_15h36.45.408,exp,2022.2.5,None,
e.png,a.png,0,2,2,4,,,,,100.37243516603485,100.37243516603485,100.37243516603485,left,1.7627398750046268,None,$0,$5,102.16452604101505,102.16452604101505,102.16452604101505,102.16452604101505,102.16452604101505,,,,,,,986570,001,2023-04-14_15h36.45.408,exp,2022.2.5,None,
a.png,e.png,0,3,3,0,,,,,105.16403695801273,105.16403695801273,105.16403695801273,None,,space,$5,$0,,,,,,108.14147579099517,108.14147579099517,108.15594645799138,108.15594645799138,108.15594645799138,1.8441264579305425,986570,001,2023-04-14_15h36.45.408,exp,2022.2.5,None,
